Description,Co-ordinates,lat,lon,region,distance_from_cbd,has_leaf_type,has_stainless_steel,has_historic,has_bottle_refill,has_dog_bowl,has_accessible,has_park_location,has_street_location,feature_count,feature_diversity,description_length,location_name
Drinking Fountain - Leaf Type - With Bottle Refill Tap - Flagstaff Gardens,"-37.81043106640399, 144.95558395492208",-37.81043106640399,144.95558395492208,North,0.7484045860733728,1,0,0,1,0,0,1,0,3,3,74,Flagstaff Gardens
Drinking Fountain - Leaf Type - Dog Bowl  - JJ Holland Park,"-37.79841970759794, 144.92421993826414",-37.79841970759794,144.92421993826414,North,3.81008478039683,1,0,0,0,1,0,1,0,3,3,59,JJ Holland Park
Drinking Fountain - Leaf Type - Dog Bowl  - Alexandra Gardens,"-37.821103585220605, 144.97249534473832",-37.821103585220605,144.97249534473832,Central,1.1735695380988598,1,0,0,0,1,0,1,0,3,3,61,Alexandra Gardens
Drinking Fountain - Stainless Steel Drinking Fountain - Leaf Type,"-37.814695182979264, 144.93847737611912",-37.814695182979264,144.93847737611912,North,2.166385035867416,1,1,0,0,0,0,0,0,2,2,65,Leaf Type
Drinking Fountain - Stainless Steel Drinking Fountain - Leaf Type,"-37.818939263478214, 144.94348692912953",-37.81893926347821,144.9434869291295,North,1.8222751558591808,1,1,0,0,0,0,0,0,2,2,65,Leaf Type
Drinking Fountain - Stainless Steel Drinking Fountain - Leaf Type - Bottle Refill Tap,"-37.811050947085775, 144.96714245008525",-37.811050947085775,144.96714245008525,North,0.4543634485656294,1,1,0,1,0,0,0,0,3,3,85,Bottle Refill Tap
Drinking Fountain - Stainless Steel Drinking Fountain - Leaf Type - North Melbourne Recreation Reserve,"-37.79922710932603, 144.94028139112405",-37.79922710932603,144.94028139112405,North,2.5637919199993244,1,1,0,0,0,0,1,0,3,3,102,North Melbourne Recreation Reserve
Drinking fountain - Historic or Heritage Drinking Fountains - Liddy Street Reserve (KENSINGTON),"-37.79009686226306, 144.9257559567742",-37.79009686226306,144.9257559567742,North,4.19464539480573,0,0,1,0,0,0,1,1,3,3,95,Liddy Street Reserve (KENSINGTON)
Drinking Fountain - Stainless Steel Drinking Fountain - Leaf Type - Bottle Refill Tap,"-37.81261776692698, 144.9683505786709",-37.81261776692698,144.9683505786709,North,0.4739953363033578,1,1,0,1,0,0,0,0,3,3,85,Bottle Refill Tap
Drinking Fountain - Stainless Steel Drinking Fountain - Leaf Type,"-37.81812625933699, 144.9458429589375",-37.81812625933699,144.9458429589375,North,1.597265843019009,1,1,0,0,0,0,0,0,2,2,65,Leaf Type
Drinking Fountain - Leaf Type - Dog Bowl  - Neill Street Reserve,"-37.79583501177402, 144.96807205336754",-37.79583501177402,144.96807205336754,North,2.0230983002794765,1,0,0,0,1,0,1,1,4,4,64,Neill Street Reserve
Drinking Fountain - Leaf Type - Dog Bowl  - Fawkner Park,"-37.8452141594852, 144.98256140204748",-37.8452141594852,144.98256140204748,South,3.9088377868224953,1,0,0,0,1,0,1,0,3,3,56,Fawkner Park
Drinking Fountain - Stainless Steel Drinking Fountain - Leaf Type - Bellair Street Reserve,"-37.795526766864704, 144.93075415955866",-37.795526766864704,144.93075415955866,North,3.48056823527783,1,1,0,0,0,0,1,1,4,4,90,Bellair Street Reserve
Drinking Fountain - Stainless Steel Drinking Fountain - Leaf Type - Bottle Refill Tap,"-37.800491981075275, 144.96374391208968",-37.80049198107528,144.96374391208968,North,1.458642563352859,1,1,0,1,0,0,0,0,3,3,85,Bottle Refill Tap
Drinking Fountain - Stainless Steel Drinking Fountain - Northbank Type,"-37.82022017744959, 144.94480746086566",-37.82022017744959,144.94480746086566,West,1.767431065198742,0,1,0,0,0,0,0,0,1,1,70,Northbank Type
Drinking Fountain - Stainless Steel Drinking Fountain - Leaf Type - Kings Domain South,"-37.828809493040296, 144.97413127261856",-37.828809493040296,144.97413127261856,Central,1.9491203508929114,1,1,0,0,0,0,0,0,2,2,86,Kings Domain South
Drinking Fountain - Leaf Type - With Bottle Refill Tap - Shrine of Remembrance Reserve,"-37.83081555124981, 144.97427512305256",-37.83081555124981,144.97427512305256,South,2.151265857767608,1,0,0,1,0,0,1,0,3,3,86,Shrine of Remembrance Reserve
Drinking Fountain - Stainless Steel Drinking Fountain - Old Docklands Type,"-37.819668916851825, 144.9417577515994",-37.81966891685183,144.9417577515994,North,1.992492425160302,0,1,0,0,0,0,0,0,1,1,74,Old Docklands Type
Drinking Fountain - Stainless Steel Drinking Fountain - Leaf Type - Bottle Refill Tap,"-37.805018324001324, 144.94911036775298",-37.80501832400133,144.94911036775298,North,1.5559535617179836,1,1,0,1,0,0,0,0,3,3,85,Bottle Refill Tap
Drinking Fountain - Stainless Steel Drinking Fountain - Leaf Type - Bottle Refill Tap,"-37.80725891583743, 144.94696422855037",-37.80725891583743,144.94696422855037,North,1.5831902200305672,1,1,0,1,0,0,0,0,3,3,85,Bottle Refill Tap
Drinking Fountain - Drinking Fountain - Type 1,"-37.806116903955164, 144.9571333967204",-37.80611690395517,144.9571333967204,North,0.9834164711237794,0,0,0,0,0,0,0,0,0,0,46,Type 1
Drinking Fountain - Stainless Steel Drinking Fountain - Leaf Type - Bottle Refill Tap,"-37.81047950700537, 144.96434622822136",-37.81047950700537,144.96434622822136,North,0.36384402257917237,1,1,0,1,0,0,0,0,3,3,85,Bottle Refill Tap
Drinking Fountain - Stainless Steel Drinking Fountain - Leaf Type - Bottle Refill Tap,"-37.81232314728076, 144.98893301349375",-37.81232314728076,144.98893301349375,North,2.273759077386666,1,1,0,1,0,0,0,0,3,3,85,Bottle Refill Tap
Drinking Fountain - Stainless Steel Drinking Fountain - Leaf Type - Bottle Refill Tap,"-37.813705889407565, 144.9749027278744",-37.813705889407565,144.9749027278744,North,1.0368773217609786,1,1,0,1,0,0,0,0,3,3,85,Bottle Refill Tap
Drinking Fountain - Stainless Steel Drinking Fountain - Leaf Type - Eastwood and Rankins Park,"-37.79407412774661, 144.93082898880024",-37.79407412774661,144.93082898880024,North,3.5710649725961674,1,1,0,0,0,0,1,0,3,3,93,Eastwood and Rankins Park
Drinking Fountain - Stainless Steel Drinking Fountain - Leaf Type,"-37.807863918393416, 144.96107434937468",-37.807863918393416,144.96107434937468,North,0.6621817776928233,1,1,0,0,0,0,0,0,2,2,65,Leaf Type
Drinking Fountain - Leaf Type - Dog Bowl - Fawkner Park,"-37.839918521598555, 144.9812959600913",-37.83991852159856,144.9812959600913,South,3.3344223342101085,1,0,0,0,1,0,1,0,3,3,55,Fawkner Park
Drinking Fountain - Stainless Steel Drinking Fountain - Leaf Type,"-37.815558943545426, 144.93989772357784",-37.81555894354543,144.93989772357784,North,2.049784717720952,1,1,0,0,0,0,0,0,2,2,65,Leaf Type
Drinking Fountain - Leaf Type - Dog Bowl  - Royal Park,"-37.78413055442304, 144.9561695135437",-37.78413055442304,144.9561695135437,North,3.332950757201605,1,0,0,0,1,0,1,0,3,3,54,Royal Park
Drinking Fountain - Leaf Type - With Bottle Refill Tap - Royal Park,"-37.781971287851476, 144.95606844481355",-37.78197128785148,144.95606844481355,North,3.5708058894786956,1,0,0,1,0,0,1,0,3,3,67,Royal Park
Drinking Fountain - Stainless Steel Drinking Fountain - Leaf Type - Powlett Reserve,"-37.81108547106561, 144.986823716213",-37.81108547106561,144.986823716213,North,2.1027190923503,1,1,0,0,0,0,1,0,3,3,83,Powlett Reserve
Drinking Fountain - Treated Timber Drinking Fountain - Ievers Reserve,"-37.79634473440512, 144.95295625926101",-37.79634473440512,144.952956259261,North,2.1155629223751395,0,0,0,0,0,0,1,0,1,1,69,Ievers Reserve
Drinking Fountain - Stainless Steel Drinking Fountain - Leaf Type - Bottle Refill Tap,"-37.81262231879966, 144.95695726799045",-37.81262231879966,144.95695726799045,North,0.550454221578221,1,1,0,1,0,0,0,0,3,3,85,Bottle Refill Tap
Drinking Fountain - Leaf Type - Dog Bowl  - Royal Park,"-37.78972452756684, 144.95542692736785",-37.78972452756684,144.95542692736785,North,2.739089001761168,1,0,0,0,1,0,1,0,3,3,54,Royal Park
Drinking Fountain - Stainless Steel Drinking Fountain - Leaf Type - Royal Park,"-37.78615201108828, 144.95349293828525",-37.78615201108828,144.95349293828525,North,3.16664839021303,1,1,0,0,0,0,1,0,3,3,78,Royal Park
Drinking Fountain - Stainless Steel Drinking Fountain - Leaf Type,"-37.81992693832316, 144.94314585668042",-37.81992693832316,144.94314585668042,North,1.8887150689767183,1,1,0,0,0,0,0,0,2,2,65,Leaf Type
Drinking fountain - unspecified type - Alexandra Park,"-37.827924925554626, 144.98354503295144",-37.82792492555463,144.98354503295144,East,2.4004524114662424,0,0,0,0,0,0,1,0,1,1,53,Alexandra Park
Drinking Fountain - Stainless Steel Drinking Fountain - Northbank Type,"-37.82340947086067, 144.94065316721642",-37.82340947086067,144.94065316721642,West,2.253311662072864,0,1,0,0,0,0,0,0,1,1,70,Northbank Type
Drinking Fountain - Stainless Steel Drinking Fountain - Leaf Type - Fawkner Park,"-37.83912302483119, 144.98029597307354",-37.83912302483119,144.98029597307354,South,3.2148849902518215,1,1,0,0,0,0,1,0,3,3,80,Fawkner Park
Drinking Fountain - Stainless Steel Drinking Fountain - Leaf Type - Kings Domain South,"-37.829394894475676, 144.97402641133465",-37.82939489447568,144.97402641133465,Central,2.0014272424472495,1,1,0,0,0,0,0,0,2,2,86,Kings Domain South
Drinking Fountain - Stainless Steel Drinking Fountain - Leaf Type,"-37.807299202453336, 144.9638063589646",-37.807299202453336,144.9638063589646,North,0.7033593234987224,1,1,0,0,0,0,0,0,2,2,65,Leaf Type
Drinking Fountain - Stainless Steel Drinking Fountain - Leaf Type - Bottle Refill Tap,"-37.81775113289117, 144.9668727624917",-37.81775113289117,144.9668727624917,North,0.5682364706668375,1,1,0,1,0,0,0,0,3,3,85,Bottle Refill Tap
Drinking Fountain - Stainless Steel Drinking Fountain - Leaf Type - Princes Park,"-37.78516928275589, 144.9629960270774",-37.78516928275589,144.9629960270774,North,3.1613647173363844,1,1,0,0,0,0,1,0,3,3,80,Princes Park
Drinking Fountain - Stainless Steel Drinking Fountain - Leaf Type - Bottle Refill Tap,"-37.812116364293914, 144.96242655579448",-37.81211636429392,144.96242655579448,North,0.17525934917690775,1,1,0,1,0,0,0,0,3,3,85,Bottle Refill Tap
Drinking Fountain - Stainless Steel Drinking Fountain - Leaf Type,"-37.797011044237784, 144.96719442537855",-37.79701104423778,144.96719442537855,North,1.879354358919688,1,1,0,0,0,0,0,0,2,2,65,Leaf Type
Drinking Fountain - Stainless Steel Drinking Fountain - Leaf Type - Bottle Refill Tap,"-37.817347815583766, 144.9877967436974",-37.817347815583766,144.9877967436974,North,2.2090957563136984,1,1,0,1,0,0,0,0,3,3,85,Bottle Refill Tap
Drinking Fountain - Stainless Steel Drinking Fountain - Leaf Type - Hawke and Adderley Street Park,"-37.80873006707316, 144.945010465895",-37.80873006707316,144.945010465895,North,1.6788580039556744,1,1,0,0,0,0,1,1,4,4,98,Hawke and Adderley Street Park
Drinking Fountain - Stainless Steel Drinking Fountain - Northbank Type,"-37.82050899334054, 144.94485852337164",-37.82050899334054,144.94485852337164,West,1.7769977128102914,0,1,0,0,0,0,0,0,1,1,70,Northbank Type
Drinking Fountain - Treated Timber Drinking Fountain - Batman Park,"-37.82220232720067, 144.956603131736",-37.82220232720067,144.956603131736,Central,1.1138403077422645,0,0,0,0,0,0,1,0,1,1,66,Batman Park
Drinking Fountain - Stainless Steel Drinking Fountain - Leaf Type,"-37.817906690815356, 144.96632571147111",-37.81790669081536,144.96632571147111,North,0.5564332079178194,1,1,0,0,0,0,0,0,2,2,65,Leaf Type
Drinking Fountain - Stainless Steel Drinking Fountain - Leaf Type,"-37.807115639803214, 144.95593164435638",-37.807115639803214,144.95593164435638,North,0.9573107984311335,1,1,0,0,0,0,0,0,2,2,65,Leaf Type
Drinking Fountain - Stainless Steel Drinking Fountain - Leaf Type - Bottle Refill Tap,"-37.83463602099828, 144.97488441712127",-37.83463602099828,144.97488441712127,South,2.5578746049010035,1,1,0,1,0,0,0,0,3,3,85,Bottle Refill Tap
Drinking Fountain - Stainless Steel Drinking Fountain - Leaf Type - Bottle Refill Tap,"-37.818037935423334, 144.9566252834487",-37.81803793542333,144.9566252834487,North,0.7529942728244292,1,1,0,1,0,0,0,0,3,3,85,Bottle Refill Tap
Drinking Fountain - Stainless Steel Drinking Fountain - Leaf Type - Ron Barassi Senior Park,"-37.81714667057808, 144.93410355599931",-37.81714667057808,144.93410355599931,North,2.577482276229747,1,1,0,0,0,0,1,0,3,3,91,Ron Barassi Senior Park
Drinking Fountain - Stainless Steel Drinking Fountain - Leaf Type,"-37.814286786699014, 144.94481901237222",-37.81428678669901,144.94481901237222,North,1.6077015642051473,1,1,0,0,0,0,0,0,2,2,65,Leaf Type
Drinking Fountain - Stainless Steel Drinking Fountain - Old Docklands Type,"-37.813427946638626, 144.94277418583766",-37.81342794663863,144.94277418583766,North,1.785626714534105,0,1,0,0,0,0,0,0,1,1,74,Old Docklands Type
Drinking Fountain - Drinking Fountain - Type 2 - Stock Route Reserve (KENSINGTON),"-37.78858107833513, 144.9262313297776",-37.78858107833513,144.9262313297776,North,4.269932517441414,0,0,0,0,0,0,1,0,1,1,81,Stock Route Reserve (KENSINGTON)
Drinking Fountain - Drinking Fountain - Type 1,"-37.8060370483463, 144.95639004511094",-37.8060370483463,144.95639004511094,North,1.0269798448149925,0,0,0,0,0,0,0,0,0,0,46,Type 1
Drinking Fountain - Leaf Type - With Bottle Refill Tap - Fitzroy Gardens,"-37.81030304680633, 144.9786636062916",-37.81030304680633,144.9786636062916,North,1.4155137608558552,1,0,0,1,0,0,1,0,3,3,72,Fitzroy Gardens
Drinking Fountain - Stainless Steel Drinking Fountain - Leaf Type,"-37.82039536598253, 144.94148537021343",-37.82039536598253,144.94148537021343,West,2.043482753773795,1,1,0,0,0,0,0,0,2,2,65,Leaf Type
Drinking Fountain - Leaf Type - Dog Bowl  - Princes Park,"-37.778630360270995, 144.96168045209797",-37.778630360271,144.96168045209797,North,3.890446489892466,1,0,0,0,1,0,1,0,3,3,56,Princes Park
Drinking Fountain - Treated Timber Drinking Fountain - Stock Bridge (KENSINGTON),"-37.79016688522425, 144.92406824328089",-37.79016688522425,144.92406824328089,North,4.306902797776518,0,0,0,0,0,0,0,0,0,0,80,Stock Bridge (KENSINGTON)
Drinking Fountain - Stainless Steel Drinking Fountain - Leaf Type - Bottle Refill Tap,"-37.82186723614085, 144.9572554993872",-37.82186723614085,144.9572554993872,Central,1.0529134673900418,1,1,0,1,0,0,0,0,3,3,85,Bottle Refill Tap
Drinking Fountain - Stainless Steel Drinking Fountain - Leaf Type,"-37.81437281760768, 144.9443629296941",-37.81437281760768,144.9443629296941,North,1.6481919674873875,1,1,0,0,0,0,0,0,2,2,65,Leaf Type
Drinking Fountain - Stainless Steel Drinking Fountain - Leaf Type - Bottle Refill Tap,"-37.830658429920206, 144.97605393970306",-37.830658429920206,144.97605393970306,South,2.21189928795569,1,1,0,1,0,0,0,0,3,3,85,Bottle Refill Tap
Drinking Fountain - Leaf Type - With Bottle Refill Tap - Pleasance Gardens,"-37.79639356481317, 144.9464489931069",-37.79639356481317,144.9464489931069,North,2.408445631166993,1,0,0,1,0,0,1,0,3,3,74,Pleasance Gardens
Drinking Fountain - Stainless Steel Drinking Fountain - Old Docklands Type,"-37.81337112781817, 144.94357125504956",-37.81337112781817,144.94357125504956,North,1.7156949776670818,0,1,0,0,0,0,0,0,1,1,74,Old Docklands Type
Drinking Fountain - Stainless Steel Drinking Fountain - Leaf Type,"-37.810438177722986, 144.96409803572945",-37.810438177722986,144.96409803572945,North,0.3623455606456424,1,1,0,0,0,0,0,0,2,2,65,Leaf Type
Drinking fountain - unspecified type - Alexandra Park,"-37.819571118805214, 144.97182464875007",-37.819571118805214,144.97182464875007,North,1.013996151472101,0,0,0,0,0,0,1,0,1,1,53,Alexandra Park
Drinking Fountain - Treated Timber Drinking Fountain - JJ Holland Park,"-37.798924491881245, 144.92595592847908",-37.798924491881245,144.92595592847908,North,3.6485188165197893,0,0,0,0,0,0,1,0,1,1,70,JJ Holland Park
Drinking Fountain - Stainless Steel Drinking Fountain - Leaf Type - Bottle Refill Tap,"-37.81027785022815, 144.9610923413044",-37.81027785022815,144.9610923413044,North,0.4093485124936086,1,1,0,1,0,0,0,0,3,3,85,Bottle Refill Tap
Drinking Fountain - Stainless Steel Drinking Fountain - Leaf Type - Bottle Refill Tap,"-37.82842091627398, 144.98460191449672",-37.82842091627398,144.98460191449672,East,2.5065767858864705,1,1,0,1,0,0,0,0,3,3,85,Bottle Refill Tap
Drinking Fountain - Leaf Type - Dog Bowl  - Royal Park,"-37.795118666338084, 144.95091878885694",-37.79511866633808,144.95091878885694,North,2.3169945131794427,1,0,0,0,1,0,1,0,3,3,54,Royal Park
Drinking fountain - Historic or Heritage Drinking Fountains - JJ Holland Park,"-37.79745516285821, 144.92349296059965",-37.79745516285821,144.92349296059965,North,3.91546693803298,0,0,1,0,0,0,1,0,2,2,77,JJ Holland Park
Drinking Fountain - Stainless Steel Drinking Fountain - Leaf Type - Bottle Refill Tap,"-37.81152641068227, 144.9728037168352",-37.81152641068227,144.9728037168352,North,0.8830684749720669,1,1,0,1,0,0,0,0,3,3,85,Bottle Refill Tap
Drinking Fountain - Duke & Duchess of York Memorial Drinking Fountain,"-37.80663190787703, 144.95991334440367",-37.80663190787703,144.95991334440367,North,0.8238384981896247,0,0,0,0,0,0,0,0,0,0,69,Duke & Duchess of York Memorial Drinking Fountain
Drinking Fountain - Leaf Type - Dog Bowl  - Newmarket Reserve,"-37.78784948378831, 144.92456233354102",-37.78784948378831,144.92456233354102,North,4.4343190137526,1,0,0,0,1,0,1,0,3,3,61,Newmarket Reserve
Drinking Fountain - Stainless Steel Drinking Fountain - Leaf Type - Bottle Refill Tap,"-37.80899368753833, 144.9728686722591",-37.80899368753833,144.9728686722591,North,0.9993895911298851,1,1,0,1,0,0,0,0,3,3,85,Bottle Refill Tap
Drinking Fountain - Leaf Type - Dog Bowl - Fawkner Park,"-37.843405472059246, 144.9823703451879",-37.843405472059246,144.9823703451879,South,3.7213526912737387,1,0,0,0,1,0,1,0,3,3,55,Fawkner Park
Drinking Fountain - Stainless Steel Drinking Fountain - Leaf Type - Bottle Refill Tap,"-37.81437973339851, 144.97601583515225",-37.81437973339851,144.97601583515225,North,1.137894156582562,1,1,0,1,0,0,0,0,3,3,85,Bottle Refill Tap
Drinking Fountain - Stainless Steel Drinking Fountain - Leaf Type - Bottle Refill Tap,"-37.81818027452629, 144.97128244641144",-37.81818027452629,144.97128244641144,North,0.8809160713833636,1,1,0,1,0,0,0,0,3,3,85,Bottle Refill Tap
Drinking Fountain - Stainless Steel Drinking Fountain - Leaf Type - Bottle Refill Tap,"-37.812710697465654, 144.96535589295792",-37.81271069746565,144.96535589295792,North,0.22147203851695674,1,1,0,1,0,0,0,0,3,3,85,Bottle Refill Tap
Drinking Fountain - Drinking Fountain - Type 1,"-37.81956008903184, 144.96060041327848",-37.81956008903184,144.96060041327848,North,0.6981569480082167,0,0,0,0,0,0,0,0,0,0,46,Type 1
Drinking Fountain - Stainless Steel Drinking Fountain - Old Docklands Type,"-37.815397268275994, 144.94056198429413",-37.815397268276,144.9405619842941,North,1.9898898767978586,0,1,0,0,0,0,0,0,1,1,74,Old Docklands Type
Drinking Fountain - Stainless Steel Drinking Fountain - Leaf Type,"-37.81884561014748, 144.94837757274016",-37.81884561014748,144.94837757274016,North,1.4186993742413396,1,1,0,0,0,0,0,0,2,2,65,Leaf Type
Drinking Fountain - Stainless Steel Drinking Fountain - Leaf Type,"-37.82000241423202, 144.9437625580217",-37.82000241423202,144.9437625580217,West,1.8417792607644878,1,1,0,0,0,0,0,0,2,2,65,Leaf Type
Drinking Fountain - Drinking Fountain - Type 2 - Birrarung Marr,"-37.818466012455424, 144.97388211503446",-37.818466012455424,144.97388211503446,North,1.0907829290113031,0,0,0,0,0,0,0,0,0,0,63,Birrarung Marr
Drinking Fountain - Stainless Steel Drinking Fountain - Leaf Type - Kings Domain South,"-37.8334339089649, 144.98151523466336",-37.8334339089649,144.98151523466336,South,2.7349827134742513,1,1,0,0,0,0,0,0,2,2,86,Kings Domain South
Drinking Fountain - Stainless Steel Drinking Fountain - Leaf Type - Bottle Refill Tap,"-37.81237811232576, 144.96521212904446",-37.81237811232576,144.96521212904446,North,0.2299689668098837,1,1,0,1,0,0,0,0,3,3,85,Bottle Refill Tap
Drinking Fountain - Stainless Steel Drinking Fountain - Leaf Type - Bottle Refill Tap,"-37.78073096453612, 144.95108741208116",-37.78073096453612,144.95108741208116,North,3.8042233336297895,1,1,0,1,0,0,0,0,3,3,85,Bottle Refill Tap
Drinking Fountain - Stainless Steel Drinking Fountain - Leaf Type - Reeves Street Park,"-37.79376491305337, 144.97024082502696",-37.79376491305337,144.97024082502696,North,2.2930532213378108,1,1,0,0,0,0,1,1,4,4,86,Reeves Street Park
Drinking Fountain - Stainless Steel Drinking Fountain - Leaf Type - Bottle Refill Tap,"-37.8163642527943, 144.95539891425878",-37.8163642527943,144.95539891425878,North,0.7430444325729386,1,1,0,1,0,0,0,0,3,3,85,Bottle Refill Tap
Drinking Fountain - Treated Timber Drinking Fountain - Ievers Reserve,"-37.79686727949099, 144.952046464975",-37.79686727949099,144.952046464975,North,2.0987758495280353,0,0,0,0,0,0,1,0,1,1,69,Ievers Reserve
Drinking Fountain - Stainless Steel Drinking Fountain - Leaf Type,"-37.8213916576197, 144.94536775680646",-37.8213916576197,144.94536775680646,West,1.7823517676985123,1,1,0,0,0,0,0,0,2,2,65,Leaf Type
Drinking Fountain - Leaf Type - Dog Bowl  - Fawkner Park,"-37.8386331437282, 144.97805941362765",-37.8386331437282,144.97805941362765,South,3.07806740311044,1,0,0,0,1,0,1,0,3,3,56,Fawkner Park
Drinking Fountain - Stainless Steel Drinking Fountain - Leaf Type,"-37.81378184056998, 144.94225864282328",-37.81378184056998,144.94225864282328,North,1.8309194407899512,1,1,0,0,0,0,0,0,2,2,65,Leaf Type
Drinking Fountain - Stainless Steel Drinking Fountain - Leaf Type - Parliament Reserve,"-37.80980631970157, 144.97383443627947",-37.80980631970157,144.97383443627947,North,1.0330440016285418,1,1,0,0,0,0,1,0,3,3,86,Parliament Reserve
Drinking Fountain - Stainless Steel Drinking Fountain - Leaf Type - Bottle Refill Tap,"-37.81276680167682, 144.9815543655956",-37.81276680167682,144.9815543655956,North,1.6237790308736357,1,1,0,1,0,0,0,0,3,3,85,Bottle Refill Tap
Drinking fountain - Historic or Heritage fountains - Royal Park,"-37.78205389103602, 144.95697021635434",-37.78205389103602,144.95697021635434,North,3.5488739444484243,0,0,1,0,0,0,1,0,2,2,63,Royal Park
Drinking Fountain - Leaf Type - Dog Bowl  - Princes Park,"-37.7914165845557, 144.96125460876374",-37.7914165845557,144.96125460876374,North,2.472005931682608,1,0,0,0,1,0,1,0,3,3,56,Princes Park
Drinking Fountain - Leaf Type - Dog Bowl  - Canning & Palmerston St Reserve,"-37.796396827991096, 144.97292609129818",-37.796396827991096,144.97292609129818,North,2.098677986997082,1,0,0,0,1,0,1,0,3,3,75,Canning & Palmerston St Reserve
Drinking Fountain - Stainless Steel Drinking Fountain - Leaf Type,"-37.80633683559588, 144.9590744803669",-37.80633683559588,144.9590744803669,North,0.8816587911003169,1,1,0,0,0,0,0,0,2,2,65,Leaf Type
Drinking Fountain - Stainless Steel Drinking Fountain - Leaf Type - Bottle Refill Tap,"-37.81649090115357, 144.98515748991457",-37.81649090115357,144.98515748991457,North,1.9640873470433167,1,1,0,1,0,0,0,0,3,3,85,Bottle Refill Tap
Drinking Fountain - Stainless Steel Drinking Fountain - Leaf Type - Bottle Refill Tap,"-37.80530265416531, 144.96955831322754",-37.80530265416531,144.96955831322754,North,1.083112744140102,1,1,0,1,0,0,0,0,3,3,85,Bottle Refill Tap
Drinking Fountain - Leaf Type - With Bottle Refill Tap - Carlton Gardens North,"-37.80211398428, 144.97283100368065",-37.80211398428,144.97283100368065,North,1.5368921752731541,1,0,0,1,0,0,1,0,3,3,78,Carlton Gardens North
Drinking Fountain - Treated Timber Drinking Fountain - Miles & Dodds Street Reserve,"-37.828673986591355, 144.9672264971803",-37.82867398659136,144.9672264971803,Central,1.7148922667472741,0,0,0,0,0,0,1,1,2,2,83,Miles & Dodds Street Reserve
Drinking Fountain - Stainless Steel Drinking Fountain - Leaf Type,"-37.81932147571993, 144.94249797871333",-37.81932147571993,144.94249797871333,North,1.918285493991813,1,1,0,0,0,0,0,0,2,2,65,Leaf Type
Drinking Fountain - Concrete Drinking Fountain,"-37.77845421707277, 144.95603509792244",-37.77845421707277,144.95603509792244,North,3.957027718954597,0,0,0,0,0,0,0,0,0,0,46,Concrete Drinking Fountain
Drinking Fountain - Stainless Steel Drinking Fountain - Leaf Type,"-37.80626983275522, 144.95806339729006",-37.80626983275522,144.95806339729006,North,0.9274288723643261,1,1,0,0,0,0,0,0,2,2,65,Leaf Type
Drinking Fountain - Drinking Fountain - Type 1,"-37.813703464993914, 144.96524821218875",-37.81370346499392,144.96524821218875,North,0.18906004549822392,0,0,0,0,0,0,0,0,0,0,46,Type 1
Drinking Fountain - Stainless Steel Drinking Fountain - Leaf Type,"-37.811115148970096, 144.96662794395766",-37.811115148970096,144.96662794395766,North,0.41520138195161777,1,1,0,0,0,0,0,0,2,2,65,Leaf Type
Drinking Fountain - Stainless Steel Drinking Fountain - Leaf Type - Bottle Refill Tap,"-37.82099191418598, 144.9617423793966",-37.82099191418598,144.9617423793966,Central,0.8305494944637012,1,1,0,1,0,0,0,0,3,3,85,Bottle Refill Tap
Drinking Fountain - Drinking Fountain - Monument Style Type 2 - Hardy Reserve,"-37.78559620252012, 144.96932282550418",-37.78559620252012,144.96932282550418,North,3.161515993173533,0,0,0,0,0,0,1,0,1,1,77,Hardy Reserve
Drinking Fountain - Leaf Type - Dog Bowl  - Kings Domain,"-37.82424533734149, 144.97698410547824",-37.82424533734149,144.97698410547824,Central,1.699557265796452,1,0,0,0,1,0,0,0,2,2,56,Kings Domain
Drinking Fountain - Leaf Type - With Bottle Refill Tap - Princes Park,"-37.7881098191695, 144.95949172029708",-37.7881098191695,144.95949172029708,North,2.852053201150414,1,0,0,1,0,0,1,0,3,3,69,Princes Park
Drinking fountain - Historic or Heritage Drinking Fountains - Alexandra Park,"-37.827087271632976, 144.98504460154422",-37.827087271632976,144.98504460154422,East,2.4422513815047324,0,0,1,0,0,0,1,0,2,2,76,Alexandra Park
Drinking Fountain - Leaf Type - With Bottle Refill Tap - Hub@Docklands,"-37.82017775836843, 144.9480020326732",-37.82017775836843,144.9480020326732,West,1.514540152937823,1,0,0,1,0,0,0,0,2,2,70,Hub@Docklands
Drinking Fountain - Leaf Type - With Bottle Refill Tap - Peppercorn Park,"-37.79256416270773, 144.922630804458",-37.79256416270773,144.922630804458,North,4.255942225241805,1,0,0,1,0,0,1,0,3,3,72,Peppercorn Park
Drinking Fountain - Leaf Type - Dog Bowl  - Riverside Park,"-37.79451455017051, 144.9159122539464",-37.79451455017051,144.9159122539464,North,4.65735554684244,1,0,0,0,1,0,1,0,3,3,58,Riverside Park
Drinking Fountain - Stainless Steel Drinking Fountain - Northbank Type,"-37.819376190936254, 144.96425791163875",-37.819376190936254,144.96425791163875,North,0.6502869479682573,0,1,0,0,0,0,0,0,1,1,70,Northbank Type
Drinking Fountain - Leaf Type - Dog Bowl  - Kings Domain South,"-37.83352412979702, 144.98347223277543",-37.83352412979702,144.98347223277543,South,2.8478194318642167,1,0,0,0,1,0,0,0,2,2,62,Kings Domain South
Drinking Fountain - Stainless Steel Drinking Fountain - Leaf Type - Bottle Refill Tap,"-37.81906773607154, 144.95451978482612",-37.81906773607154,144.95451978482612,North,0.9683548603361857,1,1,0,1,0,0,0,0,3,3,85,Bottle Refill Tap
Drinking Fountain - Stainless Steel Drinking Fountain - Leaf Type,"-37.81949228639884, 144.94459499380662",-37.81949228639884,144.94459499380662,North,1.7525850252175401,1,1,0,0,0,0,0,0,2,2,65,Leaf Type
Drinking Fountain - Drinking Fountain - Type 1,"-37.81013008750712, 144.99100554178736",-37.81013008750712,144.99100554178736,North,2.4815995366029457,0,0,0,0,0,0,0,0,0,0,46,Type 1
Drinking Fountain - Stainless Steel Drinking Fountain - Leaf Type,"-37.83822661704696, 144.9845757117782",-37.83822661704696,144.9845757117782,South,3.32511867288623,1,1,0,0,0,0,0,0,2,2,65,Leaf Type
Drinking Fountain - Stainless Steel Drinking Fountain - Leaf Type - Bottle Refill Tap,"-37.80218636204077, 144.97111015985016",-37.80218636204077,144.97111015985016,North,1.4511777281426403,1,1,0,1,0,0,0,0,3,3,85,Bottle Refill Tap
Drinking fountain - Historic or Heritage Drinking Fountains - Birrarung Marr,"-37.81890778973109, 144.97301938244627",-37.81890778973109,144.97301938244627,North,1.0524086266733292,0,0,1,0,0,0,0,0,1,1,76,Birrarung Marr
Drinking Fountain - Stainless Steel Drinking Fountain - Leaf Type - Bottle Refill Tap,"-37.811441273333834, 144.95511626726946",-37.81144127333384,144.95511626726946,North,0.7412820286042334,1,1,0,1,0,0,0,0,3,3,85,Bottle Refill Tap
Drinking Fountain - Old Style Steel Drinking Fountain,"-37.80831892386757, 144.97445245211898",-37.80831892386757,144.97445245211898,North,1.1573373929226738,0,0,0,0,0,0,0,0,0,0,53,Old Style Steel Drinking Fountain
Drinking Fountain - Treated Timber Drinking Fountain - Carlton Gardens South,"-37.80696316737549, 144.97097533310074",-37.80696316737549,144.97097533310074,North,1.011563320605334,0,0,0,0,0,0,1,0,1,1,76,Carlton Gardens South
Drinking Fountain - Stainless Steel Drinking Fountain - Leaf Type - Bottle Refill Tap,"-37.811816918335545, 144.9647358013035",-37.811816918335545,144.9647358013035,North,0.24486769459048083,1,1,0,1,0,0,0,0,3,3,85,Bottle Refill Tap
Drinking Fountain - Drinking Fountain - Type 1,"-37.789426340332234, 144.92521601291634",-37.78942634033224,144.92521601291634,North,4.278313090314312,0,0,0,0,0,0,0,0,0,0,46,Type 1
Drinking Fountain - Stainless Steel Drinking Fountain - Old Docklands Type,"-37.82093618828216, 144.94302877180849",-37.82093618828216,144.94302877180849,West,1.9426426162330592,0,1,0,0,0,0,0,0,1,1,74,Old Docklands Type
Drinking Fountain - Stainless Steel Drinking Fountain - Leaf Type,"-37.81370900165242, 144.96521920731234",-37.81370900165242,144.96521920731234,North,0.1865558784344031,1,1,0,0,0,0,0,0,2,2,65,Leaf Type
Drinking Fountain - Drinking Fountain - Monument Style Type 5,"-37.78528312570061, 144.96618877508342",-37.78528312570061,144.96618877508342,North,3.1603664745890683,0,0,0,0,0,0,0,0,0,0,61,Monument Style Type 5
Drinking Fountain - Stainless Steel Drinking Fountain - Leaf Type - Neill Street Reserve,"-37.794860401126186, 144.97032531494713",-37.794860401126186,144.97032531494713,North,2.178293768484046,1,1,0,0,0,0,1,1,4,4,88,Neill Street Reserve
Drinking Fountain - Drinking Fountain - Type 1,"-37.81522141134258, 144.96172628554172",-37.81522141134258,144.96172628554172,North,0.21695013502187688,0,0,0,0,0,0,0,0,0,0,46,Type 1
Drinking Fountain - Treated Timber Drinking Fountain - Neill & Canning Street Reserve (CARLTON),"-37.79332999851195, 144.97374160438724",-37.79332999851195,144.97374160438724,North,2.4401383581206524,0,0,0,0,0,0,1,1,2,2,95,Neill & Canning Street Reserve (CARLTON)
Drinking Fountain - Stainless Steel Drinking Fountain - Leaf Type - Bottle Refill Tap,"-37.78533232662653, 144.9534737646951",-37.78533232662653,144.9534737646951,North,3.2550246907011804,1,1,0,1,0,0,0,0,3,3,85,Bottle Refill Tap
Drinking Fountain - Treated Timber Drinking Fountain - Flagstaff Gardens,"-37.809792956338455, 144.95510199726527",-37.809792956338455,144.95510199726527,North,0.8202769139057409,0,0,0,0,0,0,1,0,1,1,72,Flagstaff Gardens
Drinking fountain - Historic or Heritage Drinking Fountains - Victoria Green,"-37.82012801999004, 144.94484546150136",-37.82012801999004,144.94484546150136,West,1.7601470761062037,0,0,1,0,0,0,0,0,1,1,76,Victoria Green
Drinking Fountain - Leaf Type - Dog Bowl  - Clayton Reserve,"-37.79690982991827, 144.93887017448856",-37.79690982991827,144.93887017448856,North,2.8241165186886272,1,0,0,0,1,0,1,0,3,3,59,Clayton Reserve
Drinking Fountain - Stainless Steel Drinking Fountain - Leaf Type - Bottle Refill Tap,"-37.80774274876369, 144.96308654177773",-37.80774274876369,144.96308654177773,North,0.6512976946482643,1,1,0,1,0,0,0,0,3,3,85,Bottle Refill Tap
Drinking Fountain - Stainless Steel Drinking Fountain - Leaf Type - Alexandra Gardens,"-37.82072500491043, 144.97068041637496",-37.82072500491043,144.97068041637496,Central,1.034923002287828,1,1,0,0,0,0,1,0,3,3,85,Alexandra Gardens
Drinking Fountain - Stainless Steel Drinking Fountain - Leaf Type - Royal Park,"-37.777124890749405, 144.95150670643167",-37.777124890749405,144.95150670643167,North,4.18181466472495,1,1,0,0,0,0,1,0,3,3,78,Royal Park
Drinking Fountain - Stainless Steel Drinking Fountain - Leaf Type - Alexandra Gardens,"-37.82087796877212, 144.97293196853022",-37.82087796877212,144.97293196853022,Central,1.1835580166923647,1,1,0,0,0,0,1,0,3,3,85,Alexandra Gardens
Drinking Fountain - Leaf Type - Dog Bowl  - Fawkner Park,"-37.837913044811074, 144.9818740242421",-37.837913044811074,144.9818740242421,South,3.1666740857689213,1,0,0,0,1,0,1,0,3,3,56,Fawkner Park
Drinking Fountain - Drinking Fountain - Type 1,"-37.82018203006011, 144.96060794598628",-37.82018203006011,144.96060794598628,Central,0.7639240074268199,0,0,0,0,0,0,0,0,0,0,46,Type 1
Drinking Fountain - Stainless Steel Drinking Fountain - Leaf Type - Bottle Refill Tap,"-37.814436444048496, 144.97774297882825",-37.814436444048496,144.97774297882825,North,1.2896640802324073,1,1,0,1,0,0,0,0,3,3,85,Bottle Refill Tap
Drinking fountain - unspecified type - Gardiner Reserve,"-37.7989933421049, 144.94335952463908",-37.7989933421049,144.94335952463908,North,2.3760659014180114,0,0,0,0,0,0,1,0,1,1,55,Gardiner Reserve
Drinking Fountain - Leaf Type - With Bottle Refill Tap - Queen Victoria Gardens,"-37.82249308106257, 144.97114401537564",-37.82249308106257,144.97114401537564,Central,1.2153667897065312,1,0,0,1,0,0,1,0,3,3,79,Queen Victoria Gardens
Drinking Fountain - Leaf Type - With Bottle Refill Tap - Fitzroy Gardens,"-37.81165168802, 144.98072416956458",-37.81165168802,144.98072416956458,North,1.5633004082476107,1,0,0,1,0,0,1,0,3,3,72,Fitzroy Gardens
Drinking Fountain - Leaf Type - Dog Bowl  - Bayswater Road Park,"-37.79365820618429, 144.92352614663906",-37.79365820618429,144.92352614663906,North,4.123756928923533,1,0,0,0,1,0,1,1,4,4,63,Bayswater Road Park
Drinking Fountain - Leaf Type - With Bottle Refill Tap - Royal Park,"-37.77874396844592, 144.9527310464918",-37.77874396844592,144.9527310464918,North,3.981456134349596,1,0,0,1,0,0,1,0,3,3,67,Royal Park
Drinking fountain - unspecified type - Princes Park,"-37.7836624497961, 144.95999863520058",-37.7836624497961,144.95999863520058,North,3.340037908718823,0,0,0,0,0,0,1,0,1,1,51,Princes Park
Drinking Fountain - Stainless Steel Drinking Fountain - Leaf Type,"-37.812430045460935, 144.96501543858767",-37.812430045460935,144.96501543858767,North,0.21268914412269088,1,1,0,0,0,0,0,0,2,2,65,Leaf Type
Drinking Fountain - Stainless Steel Drinking Fountain - Leaf Type - Bottle Refill Tap,"-37.80726039782801, 144.95788106825034",-37.80726039782801,144.95788106825034,North,0.8409100527636182,1,1,0,1,0,0,0,0,3,3,85,Bottle Refill Tap
Drinking fountain - Historic or Heritage Drinking Fountains - Princes Park,"-37.77990316842913, 144.96103894553204",-37.77990316842913,144.96103894553204,North,3.7512904672130998,0,0,1,0,0,0,1,0,2,2,74,Princes Park
Drinking Fountain - Stainless Steel Drinking Fountain - Leaf Type - Gardiner Reserve,"-37.79889823757444, 144.94401837483926",-37.79889823757444,144.94401837483926,North,2.341524902642511,1,1,0,0,0,0,1,0,3,3,84,Gardiner Reserve
Drinking Fountain - Stainless Steel Drinking Fountain - Leaf Type - Station Street Park,"-37.79735923804568, 144.97398629700336",-37.79735923804568,144.97398629700336,North,2.043517725259595,1,1,0,0,0,0,1,1,4,4,87,Station Street Park
Drinking Fountain - Stainless Steel Drinking Fountain - Leaf Type - Bottle Refill Tap,"-37.811005097961136, 144.95862163735288",-37.811005097961136,144.95862163735288,North,0.48787894102159796,1,1,0,1,0,0,0,0,3,3,85,Bottle Refill Tap
Drinking Fountain - Leaf Type - Dog Bowl  - Fitzroy Gardens,"-37.815691536791896, 144.98226715782863",-37.815691536791896,144.98226715782863,North,1.6997022708820766,1,0,0,0,1,0,1,0,3,3,59,Fitzroy Gardens
Drinking Fountain - Leaf Type - Dog Bowl  - Clayton Reserve,"-37.79581789599728, 144.93892278396697",-37.79581789599728,144.93892278396697,North,2.901974313075977,1,0,0,0,1,0,1,0,3,3,59,Clayton Reserve
Drinking Fountain - Drinking Fountain - Monument Style Type 2,"-37.79825505675542, 144.9705660670761",-37.79825505675542,144.9705660670761,North,1.8280122330410555,0,0,0,0,0,0,0,0,0,0,61,Monument Style Type 2
Drinking Fountain - Drinking Fountain - Type 1,"-37.81099949197208, 144.99096539168528",-37.81099949197208,144.99096539168528,North,2.464899785667473,0,0,0,0,0,0,0,0,0,0,46,Type 1
Drinking Fountain - Stainless Steel Drinking Fountain - Leaf Type,"-37.81506309138495, 144.96899203807533",-37.81506309138495,144.96899203807533,North,0.5425475482007335,1,1,0,0,0,0,0,0,2,2,65,Leaf Type
Drinking Fountain - Unknown,"-37.822177747738806, 144.93826895163244",-37.822177747738806,144.93826895163244,West,2.3805856934025904,0,0,0,0,0,0,0,0,0,0,27,Unknown
Drinking Fountain - Stainless Steel Drinking Fountain - Old Docklands Type,"-37.82122088208344, 144.94418531958326",-37.82122088208344,144.94418531958326,West,1.8650985564997196,0,1,0,0,0,0,0,0,1,1,74,Old Docklands Type
Drinking Fountain - Drinking Fountain - Type 1,"-37.79206873155685, 144.9297513827727",-37.79206873155685,144.9297513827727,North,3.7837251635054967,0,0,0,0,0,0,0,0,0,0,46,Type 1
Drinking Fountain - Stainless Steel Drinking Fountain - Leaf Type - Bottle Refill Tap,"-37.802215372127485, 144.96301319081624",-37.802215372127485,144.96301319081624,North,1.2659358329654085,1,1,0,1,0,0,0,0,3,3,85,Bottle Refill Tap
Drinking fountain - Historic or Heritage Drinking Fountains - Shrine Gardens,"-37.832243003760865, 144.97302849826244",-37.83224300376087,144.97302849826244,South,2.2489658094559974,0,0,1,0,0,0,1,0,2,2,76,Shrine Gardens
Drinking Fountain - Stainless Steel Drinking Fountain - Leaf Type - Queen Victoria Gardens,"-37.8212095645359, 144.9694728091101",-37.8212095645359,144.9694728091101,Central,1.01455760662507,1,1,0,0,0,0,1,0,3,3,90,Queen Victoria Gardens
Drinking Fountain - Leaf Type - With Bottle Refill Tap - Docklands Park,"-37.81961616571647, 144.94608043349226",-37.81961616571647,144.94608043349226,North,1.6378684197993465,1,0,0,1,0,0,1,0,3,3,71,Docklands Park
Drinking Fountain - Stainless Steel Drinking Fountain - Leaf Type,"-37.824688315009205, 144.94695310036423",-37.824688315009205,144.94695310036423,West,1.8793160930905595,1,1,0,0,0,0,0,0,2,2,65,Leaf Type
Drinking Fountain - Treated Timber Drinking Fountain - Shrine Gardens,"-37.83210001827241, 144.975544260503",-37.83210001827241,144.975544260503,South,2.329465161135816,0,0,0,0,0,0,1,0,1,1,69,Shrine Gardens
Drinking Fountain - Stainless Steel Drinking Fountain - Leaf Type,"-37.811184402608355, 144.9751861982011",-37.81118440260836,144.9751861982011,North,1.0951793526305988,1,1,0,0,0,0,0,0,2,2,65,Leaf Type
Drinking Fountain - Stainless Steel Drinking Fountain - Leaf Type,"-37.81942840031672, 144.94578822758686",-37.81942840031672,144.94578822758686,North,1.6530358079261063,1,1,0,0,0,0,0,0,2,2,65,Leaf Type
Drinking Fountain - Treated Timber Drinking Fountain - Alexandra Park,"-37.82760195838954, 144.9819469602272",-37.82760195838954,144.9819469602272,East,2.272578890384363,0,0,0,0,0,0,1,0,1,1,69,Alexandra Park
Drinking Fountain - Stainless Steel Drinking Fountain - Leaf Type - Bottle Refill Tap,"-37.803371100927336, 144.96636401763817",-37.803371100927336,144.96636401763817,North,1.172990537695763,1,1,0,1,0,0,0,0,3,3,85,Bottle Refill Tap
Drinking Fountain - Stainless Steel Drinking Fountain - Leaf Type,"-37.813892178607055, 144.9641120868484",-37.813892178607055,144.9641120868484,North,0.09465681135258314,1,1,0,0,0,0,0,0,2,2,65,Leaf Type
Drinking Fountain - Stainless Steel Drinking Fountain - Leaf Type - Bottle Refill Tap,"-37.82120300569749, 144.9464400812558",-37.82120300569749,144.9464400812558,West,1.6900633366981823,1,1,0,1,0,0,0,0,3,3,85,Bottle Refill Tap
Drinking Fountain - Stainless Steel Drinking Fountain - Leaf Type - Bottle Refill Tap,"-37.81553989313365, 144.95836642425357",-37.81553989313365,144.95836642425357,North,0.46843560864946077,1,1,0,1,0,0,0,0,3,3,85,Bottle Refill Tap
Drinking Fountain - Stainless Steel Drinking Fountain - Leaf Type - Argyle Square,"-37.80262121799853, 144.96563804631617",-37.80262121799853,144.96563804631617,North,1.2409802208403231,1,1,0,0,0,0,1,0,3,3,81,Argyle Square
Drinking Fountain - Stainless Steel Drinking Fountain - Leaf Type - Princes Park,"-37.78462350014393, 144.96015661193692",-37.78462350014393,144.96015661193692,North,3.2324017223426322,1,1,0,0,0,0,1,0,3,3,80,Princes Park
Drinking Fountain - Leaf Type - With Bottle Refill Tap - Alexandra Gardens,"-37.82055140792857, 144.9731742469266",-37.82055140792857,144.9731742469266,Central,1.1749775013236126,1,0,0,1,0,0,1,0,3,3,74,Alexandra Gardens
Drinking Fountain - Stainless Steel Drinking Fountain - Leaf Type,"-37.81536210793982, 144.97970486535712",-37.81536210793982,144.97970486535712,North,1.4717390180542882,1,1,0,0,0,0,0,0,2,2,65,Leaf Type
Drinking Fountain - Urban design stainless steel,"-37.79337819173264, 144.94004830856508",-37.79337819173264,144.94004830856508,North,3.026167201150061,0,1,0,0,0,0,0,0,1,1,48,Urban design stainless steel
Drinking Fountain - Stainless Steel Drinking Fountain - Leaf Type - Bottle Refill Tap,"-37.799615873678334, 144.96425054146184",-37.799615873678334,144.96425054146184,North,1.5582457073303497,1,1,0,1,0,0,0,0,3,3,85,Bottle Refill Tap
Drinking Fountain - Stainless Steel Drinking Fountain - Leaf Type,"-37.80750643106099, 144.9685049927858",-37.80750643106099,144.9685049927858,North,0.8273825408490115,1,1,0,0,0,0,0,0,2,2,65,Leaf Type
Drinking Fountain - Stainless Steel Drinking Fountain - Leaf Type - Royal Park,"-37.780205363639304, 144.95293574839906",-37.7802053636393,144.95293574839906,North,3.819200918566694,1,1,0,0,0,0,1,0,3,3,78,Royal Park
Drinking Fountain - Stainless Steel Drinking Fountain - Leaf Type - Bottle Refill Tap,"-37.78297956185507, 144.9418702885437",-37.78297956185507,144.9418702885437,North,3.8823066723703485,1,1,0,1,0,0,0,0,3,3,85,Bottle Refill Tap
Drinking Fountain - Leaf Type - With Bottle Refill Tap - Royal Park,"-37.79542994425931, 144.95202812794676",-37.79542994425931,144.95202812794676,North,2.2423849548644417,1,0,0,1,0,0,1,0,3,3,67,Royal Park
Drinking Fountain - Stainless Steel Drinking Fountain - Old Docklands Type,"-37.82114510296565, 144.94298366417019",-37.82114510296565,144.9429836641702,West,1.9560875321874824,0,1,0,0,0,0,0,0,1,1,74,Old Docklands Type
Drinking Fountain - Stainless Steel Drinking Fountain - Leaf Type - Argyle Square,"-37.80225790808832, 144.96613628041044",-37.80225790808832,144.96613628041044,North,1.2890827815965307,1,1,0,0,0,0,1,0,3,3,81,Argyle Square
Drinking Fountain - Stainless Steel Drinking Fountain - Leaf Type - Bottle Refill Tap,"-37.81600551227767, 144.9651330881475",-37.81600551227767,144.9651330881475,North,0.3216235528729269,1,1,0,1,0,0,0,0,3,3,85,Bottle Refill Tap
Drinking Fountain - Leaf Type - Dog Bowl  - Errol Street Reserve,"-37.79924850919621, 144.9504177251165",-37.79924850919621,144.9504177251165,North,1.9462845394774873,1,0,0,0,1,0,1,1,4,4,64,Errol Street Reserve
Drinking Fountain - Drinking Fountain - Type 1,"-37.79735380762625, 144.95284368062156",-37.79735380762625,144.95284368062156,North,2.018747410195376,0,0,0,0,0,0,0,0,0,0,46,Type 1
Drinking Fountain - Stainless Steel Drinking Fountain - Leaf Type - Bottle Refill Tap,"-37.82024273028081, 144.95962780503942",-37.82024273028081,144.95962780503942,Central,0.7991319161828707,1,1,0,1,0,0,0,0,3,3,85,Bottle Refill Tap
Drinking fountain - Historic or Heritage Drinking Fountains - Warun Biik Park,"-37.79622591094481, 144.92675323715673",-37.79622591094481,144.92675323715673,North,3.7321816634804956,0,0,1,0,0,0,1,0,2,2,77,Warun Biik Park
Drinking Fountain - Drinking Fountain - Type 1,"-37.79125129687361, 144.93147576642454",-37.79125129687361,144.93147576642454,North,3.7276446454782595,0,0,0,0,0,0,0,0,0,0,46,Type 1
Drinking Fountain - Leaf Type - Dog Bowl  - Royal Park,"-37.79166434549512, 144.95175691050537",-37.79166434549512,144.95175691050537,North,2.634871604771438,1,0,0,0,1,0,1,0,3,3,54,Royal Park
Drinking fountain - Historic or Heritage Drinking Fountains - Shrine Gardens,"-37.83249800027375, 144.97285892460977",-37.83249800027375,144.97285892460977,South,2.2694603851183643,0,0,1,0,0,0,1,0,2,2,76,Shrine Gardens
Drinking Fountain - Stainless Steel Drinking Fountain - Leaf Type - Bottle Refill Tap,"-37.786067144628724, 144.96306993513306",-37.78606714462872,144.96306993513306,North,3.0615149729151443,1,1,0,1,0,0,0,0,3,3,85,Bottle Refill Tap
Drinking Fountain - Drinking Fountain - Monument Style Type 3,"-37.81840304050843, 144.97885934809221",-37.81840304050843,144.9788593480922,North,1.483785703743767,0,0,0,0,0,0,0,0,0,0,61,Monument Style Type 3
Drinking Fountain - Stainless Steel Drinking Fountain - Leaf Type,"-37.81328717472797, 144.9892411598799",-37.81328717472797,144.9892411598799,North,2.2966397707649757,1,1,0,0,0,0,0,0,2,2,65,Leaf Type
Drinking Fountain - Stainless Steel Drinking Fountain - Leaf Type - Royal Park,"-37.78144167402145, 144.95595472988092",-37.78144167402145,144.95595472988092,North,3.6305372178038087,1,1,0,0,0,0,1,0,3,3,78,Royal Park
Drinking Fountain - Leaf Type - Dog Bowl  - Royal Park,"-37.79028778877907, 144.94509842701018",-37.79028778877907,144.94509842701018,North,3.0366022430330735,1,0,0,0,1,0,1,0,3,3,54,Royal Park
Drinking Fountain - Leaf Type - With Bottle Refill Tap - Murchison Square,"-37.80037327256486, 144.97278944216202",-37.80037327256486,144.97278944216202,North,1.699326383025113,1,0,0,1,0,0,1,0,3,3,73,Murchison Square
Drinking Fountain - Stainless Steel Drinking Fountain - Leaf Type,"-37.814969228345504, 144.96035042039261",-37.814969228345504,144.9603504203926,North,0.28551613066557857,1,1,0,0,0,0,0,0,2,2,65,Leaf Type
Drinking Fountain - Stainless Steel Drinking Fountain - Leaf Type,"-37.8175239427856, 144.96013037555608",-37.8175239427856,144.96013037555608,North,0.5083554107093878,1,1,0,0,0,0,0,0,2,2,65,Leaf Type
Drinking fountain - Historic or Heritage Drinking Fountains - Queen Victoria Gardens,"-37.82123671455052, 144.97077057669242",-37.82123671455052,144.97077057669242,Central,1.0840058698525235,0,0,1,0,0,0,1,0,2,2,84,Queen Victoria Gardens
Drinking Fountain - Stainless Steel Drinking Fountain - Leaf Type - Bottle Refill Tap,"-37.80056485451508, 144.9668454274885",-37.80056485451508,144.9668454274885,North,1.4863222108562666,1,1,0,1,0,0,0,0,3,3,85,Bottle Refill Tap
Drinking Fountain - Stainless Steel Drinking Fountain - Leaf Type,"-37.81033905955521, 144.9724239787079",-37.81033905955521,144.9724239787079,North,0.8957547056717609,1,1,0,0,0,0,0,0,2,2,65,Leaf Type
Drinking Fountain - Treated Timber Drinking Fountain - JJ Holland Park,"-37.7981300933256, 144.9217175971122",-37.7981300933256,144.9217175971122,North,4.0220312245699645,0,0,0,0,0,0,1,0,1,1,70,JJ Holland Park
Drinking Fountain - Stainless Steel Drinking Fountain - Leaf Type - Bottle Refill Tap,"-37.81243580767888, 144.97368439844223",-37.81243580767888,144.97368439844223,North,0.9387626929085656,1,1,0,1,0,0,0,0,3,3,85,Bottle Refill Tap
Drinking Fountain - Old Style Steel Drinking Fountain,"-37.816927072109706, 144.9837045105586",-37.816927072109706,144.9837045105586,North,1.8473855399615462,0,0,0,0,0,0,0,0,0,0,53,Old Style Steel Drinking Fountain
Drinking Fountain - Stainless Steel Drinking Fountain - Leaf Type,"-37.816008130348806, 144.94552203541383",-37.816008130348806,144.94552203541383,North,1.5671578034912168,1,1,0,0,0,0,0,0,2,2,65,Leaf Type
Drinking Fountain - Stainless Steel Drinking Fountain - Leaf Type - Neill Street Reserve,"-37.795594738274296, 144.9691367333386",-37.795594738274296,144.9691367333386,North,2.0711501726520205,1,1,0,0,0,0,1,1,4,4,88,Neill Street Reserve
Drinking Fountain - Stainless Steel Drinking Fountain - Leaf Type - Bottle Refill Tap,"-37.81437201868546, 144.96613327636365",-37.81437201868546,144.96613327636365,North,0.2799438836767836,1,1,0,1,0,0,0,0,3,3,85,Bottle Refill Tap
Drinking Fountain - Stainless Steel Drinking Fountain - Leaf Type,"-37.81607983975034, 144.93862697161046",-37.81607983975034,144.93862697161046,North,2.1674104927014337,1,1,0,0,0,0,0,0,2,2,65,Leaf Type
Drinking Fountain - Leaf Type - With Bottle Refill Tap - Fitzroy Gardens,"-37.81367564418339, 144.98268520584864",-37.81367564418339,144.98268520584864,North,1.7204830486271225,1,0,0,1,0,0,1,0,3,3,72,Fitzroy Gardens
Drinking Fountain - Stainless Steel Drinking Fountain - Old Docklands Type,"-37.82087279535316, 144.94185586107258",-37.82087279535316,144.94185586107258,West,2.033795330707104,0,1,0,0,0,0,0,0,1,1,74,Old Docklands Type
Drinking Fountain - Leaf Type - Dog Bowl  - Flagstaff Gardens,"-37.81010993947886, 144.95363625566395",-37.81010993947886,144.95363625566395,North,0.9174790323349538,1,0,0,0,1,0,1,0,3,3,61,Flagstaff Gardens
Drinking fountain - Historic or Heritage fountains - University Square,"-37.8020146095429, 144.9605723948678",-37.8020146095429,144.9605723948678,North,1.3072345145964905,0,0,1,0,0,0,1,0,2,2,70,University Square
Drinking Fountain - Stainless Steel Drinking Fountain - Leaf Type - Royal Park,"-37.77732383776788, 144.9531895231545",-37.77732383776788,144.9531895231545,North,4.126648983432241,1,1,0,0,0,0,1,0,3,3,78,Royal Park
Drinking Fountain - Leaf Type - With Bottle Refill Tap - Queen Victoria Gardens,"-37.82168006484173, 144.9700370336942",-37.82168006484173,144.9700370336942,Central,1.0856070432568674,1,0,0,1,0,0,1,0,3,3,79,Queen Victoria Gardens
Drinking Fountain - Stainless Steel Drinking Fountain - Leaf Type - Boyd Community Hub,"-37.82605853691661, 144.9615312833258",-37.82605853691661,144.9615312833258,Central,1.3921620362235378,1,1,0,0,0,0,0,0,2,2,86,Boyd Community Hub
Drinking Fountain - Stainless Steel Drinking Fountain - Leaf Type - Hub@Docklands,"-37.819734518071364, 144.9475652363716",-37.81973451807136,144.9475652363716,North,1.5255878127888747,1,1,0,0,0,0,0,0,2,2,81,Hub@Docklands
Drinking Fountain - Leaf Type - With Bottle Refill Tap - Princes Park,"-37.78866797179563, 144.96246173875772",-37.78866797179563,144.96246173875772,North,2.772882149235625,1,0,0,1,0,0,1,0,3,3,69,Princes Park
Drinking Fountain - Leaf Type - With Bottle Refill Tap - Royal Park,"-37.79148137934659, 144.95640337310826",-37.79148137934659,144.95640337310826,North,2.5288720775334697,1,0,0,1,0,0,1,0,3,3,67,Royal Park
Drinking Fountain - Treated Timber Drinking Fountain - Carlton Gardens South,"-37.80719483579952, 144.97264821832775",-37.80719483579952,144.97264821832775,North,1.1003842201806497,0,0,0,0,0,0,1,0,1,1,76,Carlton Gardens South
Drinking Fountain - Ornamental Drinking Fountain - Errol St North Melbourne,"-37.80333644461803, 144.94973046402842",-37.80333644461803,144.94973046402842,North,1.6376759153211309,0,0,0,0,0,0,0,0,0,0,75,Errol St North Melbourne
Drinking Fountain - Stainless Steel Drinking Fountain - Leaf Type - Bottle Refill Tap,"-37.8200996090771, 144.96520412105647",-37.8200996090771,144.96520412105647,Central,0.7459831792509655,1,1,0,1,0,0,0,0,3,3,85,Bottle Refill Tap
Drinking Fountain - Stainless Steel Drinking Fountain - Leaf Type - Bottle Refill Tap,"-37.81191194838843, 144.97076931535327",-37.81191194838843,144.97076931535327,North,0.6993781089781543,1,1,0,1,0,0,0,0,3,3,85,Bottle Refill Tap
Drinking Fountain - Stainless Steel Drinking Fountain - Leaf Type - Bottle Refill Tap,"-37.81655981940826, 144.958479412123",-37.81655981940826,144.958479412123,North,0.522554021943104,1,1,0,1,0,0,0,0,3,3,85,Bottle Refill Tap
Drinking Fountain - Stainless Steel Drinking Fountain - Leaf Type - Bottle Refill Tap,"-37.807152962975586, 144.95128617901676",-37.80715296297559,144.95128617901676,North,1.2613512456250662,1,1,0,1,0,0,0,0,3,3,85,Bottle Refill Tap
Drinking Fountain - Stainless Steel Drinking Fountain - Leaf Type - Bottle Refill Tap,"-37.814022713257685, 144.96377589639772",-37.814022713257685,144.96377589639772,North,0.07572717705248788,1,1,0,1,0,0,0,0,3,3,85,Bottle Refill Tap
Drinking Fountain - Leaf Type - With Bottle Refill Tap - Carlton Gardens North,"-37.80154324073521, 144.97074694104214",-37.80154324073521,144.97074694104214,North,1.499553238807805,1,0,0,1,0,0,1,0,3,3,78,Carlton Gardens North
Drinking Fountain - Stainless Steel Drinking Fountain - Old Docklands Type,"-37.82016422388396, 144.9419807414183",-37.82016422388396,144.9419807414183,West,1.9935671631665959,0,1,0,0,0,0,0,0,1,1,74,Old Docklands Type
Drinking Fountain - Leaf Type - Dog Bowl  - New Quay Central Park,"-37.81472791168905, 144.93868934270515",-37.81472791168905,144.93868934270515,North,2.148003598914945,1,0,0,0,1,0,1,0,3,3,65,New Quay Central Park
Drinking Fountain - Stainless Steel Drinking Fountain - Leaf Type,"-37.818393312901414, 144.94467796351668",-37.81839331290141,144.94467796351668,North,1.703747601228375,1,1,0,0,0,0,0,0,2,2,65,Leaf Type
Drinking Fountain - Stainless Steel Drinking Fountain - Leaf Type - Princes Park,"-37.787145044550506, 144.95944649397603",-37.787145044550506,144.95944649397603,North,2.959119099584654,1,1,0,0,0,0,1,0,3,3,80,Princes Park
Drinking fountain - unspecified type - Fawkner Park,"-37.84105383065132, 144.98474159117376",-37.84105383065132,144.98474159117376,South,3.5961093451119575,0,0,0,0,0,0,1,0,1,1,51,Fawkner Park
Drinking Fountain - Stainless Steel Drinking Fountain - Leaf Type,"-37.82006369883412, 144.94335006764553",-37.82006369883412,144.94335006764553,West,1.877845901908084,1,1,0,0,0,0,0,0,2,2,65,Leaf Type
Drinking Fountain - Stainless Steel Drinking Fountain - Leaf Type,"-37.82416129460037, 144.94386411864073",-37.82416129460037,144.94386411864073,West,2.0576842855387905,1,1,0,0,0,0,0,0,2,2,65,Leaf Type
Drinking Fountain - Leaf Type - Dog Bowl  - Fitzroy Gardens,"-37.81047413141583, 144.98106657764444",-37.81047413141583,144.98106657764444,North,1.616127925215847,1,0,0,0,1,0,1,0,3,3,59,Fitzroy Gardens
Drinking Fountain - Leaf Type - With Bottle Refill Tap - Fitzroy Gardens,"-37.81426414724787, 144.97865144245154",-37.81426414724787,144.97865144245154,North,1.3681057273490447,1,0,0,1,0,0,1,0,3,3,72,Fitzroy Gardens
Drinking Fountain - Leaf Type - With Bottle Refill Tap - Birrarung Marr,"-37.81877097793573, 144.97408155357158",-37.81877097793573,144.97408155357158,North,1.1230059584808343,1,0,0,1,0,0,0,0,2,2,71,Birrarung Marr
Drinking Fountain - Drinking Fountain - Monument Style Type 3,"-37.808763201408944, 144.9755999159518",-37.808763201408944,144.9755999159518,North,1.222727998991878,0,0,0,0,0,0,0,0,0,0,61,Monument Style Type 3
Drinking Fountain - Stainless Steel Drinking Fountain - Northbank Type,"-37.81933413777128, 144.96443696866604",-37.81933413777128,144.96443696866604,North,0.648332656266784,0,1,0,0,0,0,0,0,1,1,70,Northbank Type
Drinking fountain - Historic or Heritage Drinking Fountains - Boyd Community Hub (SOUTHBANK),"-37.82553356070186, 144.96099800648864",-37.82553356070186,144.96099800648864,Central,1.3397350651992315,0,0,1,0,0,0,0,0,1,1,92,Boyd Community Hub (SOUTHBANK)
Drinking Fountain - Stainless Steel Drinking Fountain - Leaf Type - Bottle Refill Tap,"-37.793822787803755, 144.958038101861",-37.79382278780376,144.958038101861,North,2.2436424699906707,1,1,0,1,0,0,0,0,3,3,85,Bottle Refill Tap
Drinking Fountain - Stainless Steel Drinking Fountain - Leaf Type - Grant Street Reserve,"-37.826019122772884, 144.96821302911962",-37.82601912277288,144.96821302911962,Central,1.452139952646579,1,1,0,0,0,0,1,1,4,4,88,Grant Street Reserve
Drinking Fountain - Stainless Steel Drinking Fountain - Leaf Type,"-37.82449321904346, 144.945698116347",-37.82449321904346,144.945698116347,West,1.9502978680379617,1,1,0,0,0,0,0,0,2,2,65,Leaf Type
Drinking Fountain - Stainless Steel Drinking Fountain - Leaf Type - Fawkner Park,"-37.840591031294394, 144.9842020334054",-37.8405910312944,144.9842020334054,South,3.527403750376797,1,1,0,0,0,0,1,0,3,3,80,Fawkner Park
Drinking Fountain - Stainless Steel Drinking Fountain - Leaf Type - Kings Domain South,"-37.82514308986054, 144.97830100199906",-37.82514308986054,144.97830100199906,Central,1.852104702344776,1,1,0,0,0,0,0,0,2,2,86,Kings Domain South
Drinking Fountain - Drinking Fountain - Type 1,"-37.79515817674436, 144.9710380792056",-37.79515817674436,144.9710380792056,North,2.1659849550697436,0,0,0,0,0,0,0,0,0,0,46,Type 1
Drinking Fountain - Stainless Steel Drinking Fountain - Leaf Type,"-37.802013714097406, 144.95783228776227",-37.802013714097406,144.95783228776227,North,1.3689318319879193,1,1,0,0,0,0,0,0,2,2,65,Leaf Type
Drinking Fountain - Stainless Steel Drinking Fountain - Leaf Type - Wharfs Landing Park,"-37.82210994675337, 144.93666205920204",-37.82210994675337,144.93666205920204,West,2.507694064774185,1,1,0,0,0,0,1,0,3,3,87,Wharfs Landing Park
Drinking Fountain - Leaf Type - Dog Bowl  - University Square,"-37.80089398503696, 144.96074870882546",-37.80089398503696,144.96074870882546,North,1.4278652786332826,1,0,0,0,1,0,1,0,3,3,61,University Square
Drinking Fountain - Stainless Steel Drinking Fountain - Leaf Type - Bottle Refill Tap,"-37.82435043745128, 144.9771113193355",-37.82435043745128,144.9771113193355,Central,1.7157146387560809,1,1,0,1,0,0,0,0,3,3,85,Bottle Refill Tap
Drinking Fountain - Leaf Type - Dog Bowl  - Pleasance Gardens,"-37.796300658626926, 144.94502857293458",-37.796300658626926,144.94502857293458,North,2.4941799068989288,1,0,0,0,1,0,1,0,3,3,61,Pleasance Gardens
Drinking Fountain - Stainless Steel Drinking Fountain - Leaf Type - Docklands Park,"-37.82089072956917, 144.94692985249003",-37.82089072956917,144.94692985249003,West,1.6354663317831524,1,1,0,0,0,0,1,0,3,3,82,Docklands Park
Drinking Fountain - Stainless Steel Drinking Fountain - Leaf Type,"-37.79431438564634, 144.9302959180467",-37.79431438564634,144.9302959180467,North,3.592345442032089,1,1,0,0,0,0,0,0,2,2,65,Leaf Type
Drinking Fountain - Stainless Steel Drinking Fountain - Leaf Type - Bottle Refill Tap,"-37.82337609495653, 144.9798517032086",-37.82337609495653,144.9798517032086,Central,1.8294445543383293,1,1,0,1,0,0,0,0,3,3,85,Bottle Refill Tap
Drinking Fountain - Stainless Steel Drinking Fountain - Leaf Type,"-37.81386555249958, 144.96475087670643",-37.81386555249958,144.96475087670643,North,0.14799669984492206,1,1,0,0,0,0,0,0,2,2,65,Leaf Type
Drinking Fountain - Stainless Steel Drinking Fountain - Leaf Type,"-37.79275280598382, 144.96844335889637",-37.79275280598382,144.96844335889637,North,2.3651606286895848,1,1,0,0,0,0,0,0,2,2,65,Leaf Type
Drinking Fountain - Stainless Steel Drinking Fountain - Leaf Type,"-37.82051269611414, 144.94396083541395",-37.82051269611414,144.94396083541395,West,1.848586974950979,1,1,0,0,0,0,0,0,2,2,65,Leaf Type
Drinking Fountain - Stainless Steel Drinking Fountain - Leaf Type,"-37.81515985140142, 144.93712549711364",-37.81515985140142,144.93712549711364,North,2.2882903212112478,1,1,0,0,0,0,0,0,2,2,65,Leaf Type
Drinking Fountain - Stainless Steel Drinking Fountain - Leaf Type,"-37.815447719564624, 144.96705501075527",-37.815447719564624,144.96705501075527,North,0.4036283806768879,1,1,0,0,0,0,0,0,2,2,65,Leaf Type
Drinking Fountain - Stainless Steel Drinking Fountain - Leaf Type - Bottle Refill Tap,"-37.82469655350015, 144.9721174141578",-37.82469655350015,144.9721174141578,Central,1.4662349104734969,1,1,0,1,0,0,0,0,3,3,85,Bottle Refill Tap
Drinking Fountain - Stainless Steel Drinking Fountain - Leaf Type - Bottle Refill Tap,"-37.82317712092532, 144.94186784766944",-37.82317712092532,144.94186784766944,West,2.147641494071903,1,1,0,1,0,0,0,0,3,3,85,Bottle Refill Tap
Drinking Fountain - Leaf Type - With Bottle Refill Tap - JJ Holland Park,"-37.79786751874929, 144.92606408339236",-37.79786751874929,144.92606408339236,North,3.6942268544817978,1,0,0,1,0,0,1,0,3,3,72,JJ Holland Park
Drinking Fountain - Stainless Steel Drinking Fountain - Leaf Type,"-37.815185695578855, 144.95257756009232",-37.815185695578855,144.95257756009232,North,0.9410011402157998,1,1,0,0,0,0,0,0,2,2,65,Leaf Type
Drinking Fountain - Stainless Steel Drinking Fountain - Leaf Type - Bottle Refill Tap,"-37.809593623030885, 144.96424038761432",-37.809593623030885,144.96424038761432,North,0.45661397495614175,1,1,0,1,0,0,0,0,3,3,85,Bottle Refill Tap
Drinking Fountain - Leaf Type - With Bottle Refill Tap - Fitzroy Gardens,"-37.810693329155406, 144.983071937749",-37.810693329155406,144.983071937749,North,1.78399247100066,1,0,0,1,0,0,1,0,3,3,72,Fitzroy Gardens
Drinking Fountain - Leaf Type - With Bottle Refill Tap - Shrine of Remembrance Reserve,"-37.83028525455125, 144.97264952949166",-37.83028525455125,144.97264952949166,South,2.0361126964865637,1,0,0,1,0,0,1,0,3,3,86,Shrine of Remembrance Reserve
Drinking Fountain - Stainless Steel Drinking Fountain - Leaf Type,"-37.81767138974231, 144.9462535088493",-37.81767138974231,144.9462535088493,North,1.547539988003722,1,1,0,0,0,0,0,0,2,2,65,Leaf Type
Drinking Fountain - Stainless Steel Drinking Fountain - Leaf Type - Bottle Refill Tap,"-37.80443768421831, 144.96343052616893",-37.80443768421831,144.9634305261689,North,1.0192167371998344,1,1,0,1,0,0,0,0,3,3,85,Bottle Refill Tap
Drinking Fountain - Drinking Fountain - Monument Style Type 2 - Hardy Reserve,"-37.78528327065247, 144.96619195051946",-37.78528327065247,144.96619195051946,North,3.160374386687539,0,0,0,0,0,0,1,0,1,1,77,Hardy Reserve
Drinking Fountain - Stainless Steel Drinking Fountain - Leaf Type - Princes Park,"-37.78493695299493, 144.96233927588727",-37.78493695299493,144.96233927588727,North,3.187886174165298,1,1,0,0,0,0,1,0,3,3,80,Princes Park
Drinking Fountain - Leaf Type - With Bottle Refill Tap - Carlton Gardens North,"-37.80241728553812, 144.97202290316702",-37.80241728553812,144.97202290316702,North,1.46992603907116,1,0,0,1,0,0,1,0,3,3,78,Carlton Gardens North
Drinking Fountain - Stainless Steel Drinking Fountain - Leaf Type - Bottle Refill Tap,"-37.809316361164214, 144.95453335359068",-37.80931636116421,144.95453335359068,North,0.8906319156672479,1,1,0,1,0,0,0,0,3,3,85,Bottle Refill Tap
Drinking Fountain - Treated Timber Drinking Fountain - Sturt Street Reserve,"-37.829762043290245, 144.9650239066239",-37.829762043290245,144.9650239066239,Central,1.8050647756577132,0,0,0,0,0,0,1,1,2,2,75,Sturt Street Reserve
Drinking Fountain - Drinking Fountain - Monument Style Type 2 - Argyle Square,"-37.80282308235531, 144.96630068198394",-37.80282308235531,144.96630068198394,North,1.2308858971857684,0,0,0,0,0,0,1,0,1,1,77,Argyle Square
Drinking Fountain - Stainless Steel Drinking Fountain - Leaf Type,"-37.81319698844885, 144.97374469190206",-37.81319698844885,144.97374469190206,North,0.9361592200466736,1,1,0,0,0,0,0,0,2,2,65,Leaf Type
Drinking Fountain - Stainless Steel Drinking Fountain - Leaf Type - Bottle Refill Tap,"-37.81331469375451, 144.9666513135716",-37.81331469375451,144.9666513135716,North,0.3135748473554874,1,1,0,1,0,0,0,0,3,3,85,Bottle Refill Tap
Drinking Fountain - Stainless Steel Drinking Fountain - Leaf Type - Bottle Refill Tap,"-37.811468256332006, 144.96175067722208",-37.811468256332006,144.96175067722208,North,0.2650237851541408,1,1,0,1,0,0,0,0,3,3,85,Bottle Refill Tap
Drinking Fountain - Leaf Type - Dog Bowl - Stockmans Way,"-37.794034684551164, 144.91961812395766",-37.79403468455117,144.91961812395766,North,4.396226069392516,1,0,0,0,1,0,0,0,2,2,56,Stockmans Way
Drinking Fountain - Stainless Steel Drinking Fountain - Leaf Type,"-37.81678974689995, 144.96933696934119",-37.81678974689995,144.9693369693412,North,0.6526619110305252,1,1,0,0,0,0,0,0,2,2,65,Leaf Type
Drinking Fountain - Stainless Steel Drinking Fountain - Leaf Type,"-37.81601000604859, 144.97270242239682",-37.81601000604859,144.97270242239682,North,0.8850565913390608,1,1,0,0,0,0,0,0,2,2,65,Leaf Type
Drinking Fountain - Leaf Type - With Bottle Refill Tap - Fawkner Park,"-37.84249232047023, 144.9843961780638",-37.84249232047023,144.9843961780638,South,3.7174852533307896,1,0,0,1,0,0,1,0,3,3,69,Fawkner Park
Drinking Fountain - Stainless Steel Drinking Fountain - Leaf Type,"-37.8148665286666, 144.979341237583",-37.8148665286666,144.979341237583,North,1.433634065940417,1,1,0,0,0,0,0,0,2,2,65,Leaf Type
Drinking Fountain - Stainless Steel Drinking Fountain - Leaf Type,"-37.81841607031649, 144.94658139539987",-37.81841607031649,144.94658139539987,North,1.546697570606591,1,1,0,0,0,0,0,0,2,2,65,Leaf Type
Drinking Fountain - Stainless Steel Drinking Fountain - Leaf Type,"-37.8188136383738, 144.942903892035",-37.8188136383738,144.942903892035,North,1.8663856111624513,1,1,0,0,0,0,0,0,2,2,65,Leaf Type
Drinking Fountain - Leaf Type - With Bottle Refill Tap - Fitzroy Gardens,"-37.813586967977756, 144.9803405398592",-37.81358696797776,144.9803405398592,North,1.514496897682714,1,0,0,1,0,0,1,0,3,3,72,Fitzroy Gardens
Drinking Fountain - Leaf Type - With Bottle Refill Tap - Carlton Gardens South,"-37.80596124931496, 144.97143107579004",-37.80596124931496,144.97143107579004,North,1.1212112310948095,1,0,0,1,0,0,1,0,3,3,78,Carlton Gardens South
Drinking Fountain - Stainless Steel Drinking Fountain - Leaf Type,"-37.82034342836768, 144.94031908099987",-37.82034342836768,144.94031908099987,West,2.1369726151679016,1,1,0,0,0,0,0,0,2,2,65,Leaf Type
Drinking Fountain - Stainless Steel Drinking Fountain - Leaf Type - Princes Park,"-37.78098685657206, 144.962456506622",-37.78098685657206,144.962456506622,North,3.6268568291023917,1,1,0,0,0,0,1,0,3,3,80,Princes Park
Drinking Fountain - Drinking Fountain - Lygon St Type,"-37.79775185327968, 144.96744736482998",-37.79775185327968,144.96744736482998,North,1.803147704949516,0,0,0,0,0,0,0,0,0,0,53,Lygon St Type
Drinking Fountain - Leaf Type - Dog Bowl  - Railway Place And Miller Street Reserve,"-37.80566602896913, 144.94256675118035",-37.80566602896913,144.94256675118035,North,2.0080214998798387,1,0,0,0,1,0,1,1,4,4,83,Railway Place And Miller Street Reserve
Drinking Fountain - Stainless Steel Drinking Fountain - Leaf Type - Parkville Gardens,"-37.779553322018664, 144.93984653851456",-37.77955332201866,144.93984653851456,North,4.301972789793231,1,1,0,0,0,0,1,0,3,3,85,Parkville Gardens
